,Beta_0,Beta_1,R_squared
0,-0.3743620408477024,2.3255348213649768e-06,0.445932622203865
