Beta_0,Beta_1,R_squared
-0.30778617586565854,1.2283513943169674e-06,-0.8336945896021648
