,Beta_0,Beta_1,R_squared
0,-0.2288895951097694,1.0803013887345175e-06,-0.6011514320650464
