,Beta_0,Beta_1,R_squared
0,-0.3743620408477023,2.325534821364976e-06,0.4459326222038651
