,Beta_0,Beta_1,R_squared
0,1.9138318479697316,-6.161630294927143e-06,0.862811749780793
