,Beta_0,Beta_1,R_squared
0,-0.28653876369124687,1.070434587585177e-06,0.335995945584172
