Beta_0,Beta_1,R_squared
-0.3765266460356966,2.3335064608571604e-06,0.46718643395777715
