Beta_0,Beta_1,R_squared
1.9138318479697312,-6.1616302949271415e-06,0.8628117497807932
