Beta_0,Beta_1,R_squared
1.54343905206528,-4.887853018218827e-06,-0.2846845948233594
