,Beta_0,Beta_1,R_squared
0,-0.286538763691247,1.0704345875851775e-06,0.3359959455841721
