Beta_0,Beta_1,R_squared
-0.07496436077379709,1.2199302115924248e-07,-0.9362959607956414
